LocationID,State,City,created_at
1,Rhode Island,Fort Lexiebury,
2,North Carolina,South Glenna,
3,Kansas,Lake Danberg,
4,Georgia,East Audreyhaven,
5,Nebraska,Parisianfort,
6,Georgia,Ernserbury,
7,Nevada,Lueilwitzhaven,
8,Illinois,West Brigittestead,
9,Oregon,Larsonstead,
10,Michigan,Carmichael,
11,Virginia,Port Cole,
12,Virginia,Corona,
13,Rhode Island,Giovanniborough,
14,Washington,New Darrion,
15,Texas,Bowie,
16,Massachusetts,Thornton,
17,Arizona,Anastasiabury,
18,Washington,Winfieldshire,
19,New Jersey,Centreville,
20,Idaho,North Audieborough,
21,Washington,Fort Emma,
22,Rhode Island,Keeblermouth,
23,New Hampshire,West Hilbert,
24,Missouri,South Hannahaven,
25,Indiana,Stromanfort,
26,Maryland,Runolfsdottirchester,
27,Tennessee,Lake Mya,
28,Pennsylvania,Fort Tierra,
29,Montana,Pfannerstillfort,
30,Virginia,Feeneyville,
